{
  "project_info": {
    "project_number": "786554017461",
    "project_id": "author-registration-app-e6287",
    "storage_bucket": "author-registration-app-e6287.appspot.com"
  },
  "client": [
    {
      "client_info": {
        "mobilesdk_app_id": "1:786554017461:android:19572543a489614f1d10fc",
        "android_client_info": {
          "package_name": "com.example.author_registration_app"
        }
      },
      "oauth_client": [
        {
          "client_id": "786554017461-lbr0haeq606qpoejc6k2no8k23p3rhsb.apps.googleusercontent.com",
          "client_type": 3
        }
      ],
      "api_key": [
        {
          "current_key": "AIzaSyC2yCvvxMxodiGUMCWjmrkDa0LXxEZKoxw"
        }
      ],
      "services": {
        "appinvite_service": {
          "other_platform_oauth_client": [
            {
              "client_id": "786554017461-lbr0haeq606qpoejc6k2no8k23p3rhsb.apps.googleusercontent.com",
              "client_type": 3
            }
          ]
        }
      }
    }
  ],
  "configuration_version": "1"
}